http://www.yongche.com/register/success.php.*invite=.*&order=1&done=http://www.yongche.com/order/confirm.php.*id=10682&key=b8f3517272b382095437dd33cc749a7a&id=6197.*{}1096	1
http://www.yongche.com/register/success.php.*invite=.*&order=0&done=/&key=f7bf4872a4995c4725b8c424ac7f36a8&id=6192.*{}1096	1
http://www.yongche.com/register/success_corp.php.*name=ce111111&done=/corp&key=6c55f74a8ea81f29e7afea3528c0573b.*{}1096	1
http://.*.gtuan.com/usercenter.php.*a=register_step_email_check&is_reg=succes.*{}1123	1
(.*creditcard.ecitic.com/citiccard/cardishop/jsp/SucessInfo.jsp.*){}10297	1
.*member.pinganfang.com/user/register/success.html.*{}12840	1
http://www.yongche.com/order/confirm.php.*id=10681.*{}1096	1
.*m.yougou.com/index.php/register/integal/message/.*{}10759	1
http://www.yougou.com/toActiveRegisterEmail.jhtml{}10759	1
.*play.lieguo.com/quickreg/complete/profile.php.*{}1167	1
http://www.yougou.com/mobileRegisterAccount.jhtml{}10759	1
http://www.yongche.com/order/prepare_pay.php.*{}1096	1
.*.(redbaby|binggo).com.*shoppingcart.htm.*{}921	1
.*.(redbaby|binggo).com.*ordersuccess.htm.*{}921	1
.*.(redbaby|binggo).com.*addsuccess.htm.*{}921	1
http://www.yougou.com/continueOrder.jhtml{}10759	1
(.*www.dflkjas.com.*)|(.*www.zhuce.com.*){}10283	1
http://www.doodays.com/flow/add-order/.*{}1087	1
http://www.doodays.com/payment/respond.*{}1087	1
.*.(redbaby|binggo).com.*orderinfo.htm.*{}921	1
.*.(redbaby|binggo).com.*register.htm.*{}921	1
.*.(redbaby|binggo).com.*activate.htm.*{}921	1
http://www.doodays.com/flow/payment/.*{}1087	1
http://www.doodays.com/auth/register.*{}1087	1
.*m.yougou.com/index.php/car/index.*{}10759	1
http://www.doodays.com/flow/order/.*{}1087	1
http://www.doodays.com/flow/index/.*{}1087	1
http://www.doodays.com/login.html.*{}1087	1
http://www.doodays.com/flow/addr/.*{}1087	1
.*www.adsage.cn/industry_94.html.*{}23110	1
http://www.yougou.com/order.jhtml{}10759	1
http://www.doodays.com/reg.html.*{}1087	1
http://www.longxingshunda.com{}12518	1
.*fenpier.com/i/cart/pay.*{}1089	1
http://www.dfkjlsf.com{}10556	1
.*466nk.466nanke.com.*{}11378	1
.*www.lilun.copcm.*{}17149	1
.*www.product.com.*{}11050	1
.*www.test28.com.*{}10556	1
.*pinganfang.com.*{}12840	1
http://www.qq.com{}12177	1
.*www.baidu.com.*{}11120	1
.*www.kekek.com.*{}17149	1
.*www.plus.com.*{}22468	1
www.test.comssss{}1086	1
.*www.bbb.com.*{}17149	1
.*www.223.com.*{}20437	1
.*www.add.com.*{}17922	1
.*www.ad.com.*{}17924	1
.*www.cc.com.*{}17149	1
.*www.wa.com.*{}11065	1
.*wyn88.com.*{}21472	1
http://www.bubugao.com/paycenter-.*-true.html{}21254	3
.*www.bubugao.com/cart-checkout.html.*{}21254	3
.*login.bubugao.com/reg-success.php.*{}21254	3
.*www.bubugao.com/cart.html.*{}21254	3
http://www.uvw.com{}12575	5
.*www.fdno.com.*{}10979	5
(.*3g.2233555.com.*)|(.*3g.2233555.com/zt/fkyy.*)|(.*fk.2233555.com.*)|(.*fk.2233555.com/html/jpks.*){}20094	7
.*z.xiangrikui.com/zw/dz/success.*{}13359	7
.*z.xiangrikui.com/zw/cs/success.*{}13359	7
.*z.xiangrikui.com/zw/cs/step.*{}13359	7
(.*www.fangke3.com.*){}10003	7
(.*www.fangke1.com.*){}10003	7
(.*www.fang12.com.*){}10275	7
(.*www.fang22.com.*){}10275	7
(.*www.fang32.com.*){}10275	7
.*www.nnnn.com.*{}17149	7
.*www.uv.com.*{}17915	7
.*www.99dianwan.com.cn/tuiguang360.php.*{}24495	15
.*www.ibkr.com.cn/cn/index.php[?]f=5483{}10614	15
(.*www.egao.com.*)|(.*www.sdoiso.com.*){}1196	15
http://www.djsaisadl.com{}1109	15
http://www.djoisad.com{}12821	15
http://www.ore.com{}12575	15
.*zhengze.com{}1196	15
(.*www.top1.cn/Products/CarFreeWind_Order.aspx.*)|(.*www.top1.cn/Products/SelfDriveDay_Order.aspx.*)|(.*www.top1.cn/Products/SelfDriveHour_Order.aspx.*)|(.*www.top1.cn/Products/SelfDriveMonth_Order.aspx.*){}12132	30
(.*requestinfo.onlinelaw.wustl.edu/international-thank-you.html.*)|(.*requestinfo.onlinelaw.wustl.edu/international-thank-you.html.*)|(.*requestinfo.onlinelaw.wustl.edu/international-thank-you.html.*){}10641	30
(.*www.top1.cn/Products/SelfDriveDay_ChooseExtras.aspx.*)|(.*www.top1.cn/Products/SelfDriveHour_ChooseExtras.aspx.*)|(.*www.top1.cn/Products/SelfDriveMonth_ChooseExtras.aspx.*){}12132	30
(.*www.top1.cn/Products/SelfDriveDay_ChooseCar.aspx.*)|(.*www.top1.cn/Products/SelfDriveHour_ChooseCar.aspx.*)|(.*www.top1.cn/Products/SelfDriveMonth_ChooseCar.aspx.*){}12132	30
(.*bj.5i5j.com/site/releasesuccess/type/sellsuccess.*)|(.*sh.5i5j.com/site/releasesuccess/type/sellsuccess.*)|(.*tj.5i5j.com/site/releasesuccess/type/sellsuccess.*){}1083	30
(http://www.fxclub.cn/content/register-training-account/thankyou/[?]start.*)|(http://www.fxclub.cn/content/register-training-account-startfx/thankyou/[?]start.*){}10638	30
(http://www.fxclub.cn/content/register-training-account/thankyou/[?]rumus.*)|(http://www.fxclub.cn/content/register-training-account-rumus/thankyou/[?]rumus.*){}10638	30
.*(shanghai|beijing|guangzhou|shenzhen|suzhou|hangzhou|nanjing|wuxi|changzhou|xian|sh|bj|gz|suz|hz|nj|wx|cz|xa|sz).1smart.org/[Rr]egister_[Ss]ucess.aspx.*{}1182	30
(.*bd.ttyfund.com/baidummf/tty_reg_suc.html.*)|(.*www.ttyfund.com/promotion/reg/register-succ.php.*)|(.*account.ttyfund.com/www_reg/register1-succ.php.*){}1222	30
.*(shanghai|beijing|guangzhou|shenzhen|suzhou|hangzhou|nanjing|wuxi|changzhou|xian|sh|bj|gz|suz|hz|nj|wx|cz|XA|xa|sz|nb).1smart.org/zt/[Ll]dPage2.aspx{}1182	30
http://www.pingan.com/ebusiness/life/(ladycare/to-insuredInfo.do|hospitalization/to-insuredInfo|warmlife/to-insuredInfo|safeTravel/premiumResult).*{}1062	30
.*(shanghai|beijing|guangzhou|shenzhen|suzhou|hangzhou|nanjing|wuxi|changzhou|xian|sh|bj|gz|suz|hz|nj|wx|cz|xa|sz).1smart.org/zt/tpc_Topics.aspx.*{}1182	30
(.*www.fxclub.cn/content/register-training-account/thankyou/[?]meta.*)|(.*www.fxclub.cn/content/register-training-account-mt/thankyou/[?]meta.*){}10638	30
(.*www.eqianzhuang.com/apply/fast/index.html.*)|(.*www.eqianzhuang.com/apply/full/index.html.*)|(.*www.eqianzhuang.com/apply/prob/index.html.*){}11942	30
http://requestinfo.onlinelaw.wustl.edu/index1.html[?]s=adsagebaidu&utm_source=adsagebaidu&utm_medium=cpc&l=mandarin_ad&utm_campaign=mandarin_ad{}10641	30
http://requestinfo.onlinelaw.wustl.edu/index1.html[?]s=adsagebaidu&utm_source=adsagebaidu&utm_medium=cpc&l=english_ad&utm_campaign=english_ad{}10641	30
(.*creditcard.ecitic.com/citiccard/cardishop/xjb/newCardBaseInfo.jsp.*)|(.*creditcard.ecitic.com/citiccard/xjb/jsp/setup_2.jsp.*){}10297	30
(.*secure.efxnow.com/NEWOLS_GCUK_CNS/ConfirmationDetail.aspx.*)|(.*secure.efxnow.com/NEWOLS_GCUK_CNT/ConfirmationDetail.aspx.*){}1199	30
(.*creditcard.ecitic.com/citiccard/cardishop/xjb/otherUserInfo.jsp.*)|(.*creditcard.ecitic.com/citiccard/xjb/jsp/setup_3.jsp.*){}10297	30
(.*creditcard.ecitic.com/citiccard/cardishop/xjb/infoConfirm.jsp.*)|(.*creditcard.ecitic.com/citiccard/xjb/jsp/setup_y2.jsp.*){}10297	30
(.*creditcard.ecitic.com/citiccard/cardishop/xjb/userInfoExt.jsp.*)|(.*creditcard.ecitic.com/citiccard/xjb/jsp/setup_y.jsp.*){}10297	30
(.*creditcard.ecitic.com/citiccard/cardishop/xjb/SucessInfo.jsp.*)|(.*creditcard.ecitic.com/citiccard/xjb/jsp/setup_4.jsp.*){}10297	30
(.*www.hotforex.com/cn/account-types/new-live-account.html.*)|(.*www.hotforex.com/cn/account-types/new-live-account.html.*){}17601	30
(.*creditcard.ecitic.com/citiccard/cardishop/xjb/userInfo.jsp.*)|(.*creditcard.ecitic.com/citiccard/xjb/jsp/setup_1.jsp.*){}10297	30
(http://www.fxclub.cn/go/thankyou/[?]meta.*)|(http://www.fxclub.cn/lp/cn-zh/mt4-demo/go/version1/thankyou/[?]meta.*){}10638	30
(.*bj.5i5j.com/site/releasesuccess/type/rentsuccess.*)|(.*tj.5i5j.com/site/releasesuccess/type/rentsuccess.*){}1083	30
(.*bj.5i5j.com/site/releasesuccess/type/salesuccess.*)|(.*sh.5i5j.com/site/releasesuccess/type/salesuccess.*){}1083	30
(.*bj.5i5j.com/site/releasesuccess/type/buysuccess.*)|(.*tj.5i5j.com/site/releasesuccess/type/buysuccess.*){}1083	30
(.*loan.lufax.com/zt/loan/appointment/sem.*)|(.*loan.lufax.com/zt/loan/appointment/h5/fill[?]channelid=.*){}20173	30
(.*www.top1.cn/Products/TopChauffeurDirve.aspx.*)|(.*www.top1.cn/Products/TopChauffeurDirve.aspx.*){}12132	30
(.*www.revolveclothing.com/ExternalData.jsp.*)|(.*www.revolveclothing.com/ExternalData.jsp.*){}10681	30
(.*99dai.cn/SucKssq.aspx.*)|(.*99dai.cn/SucKssqdet.aspx.*)|(.*99dai.cn/Sucbeijinglp.aspx.*){}11898	30
.*youxi4.stg2.24money.com/[?]act=mygame&st=play&id=10&serverId=680&track_u=semogzq&type=1{}20719	30
(.*member.cigna-cmc.com/es/esalescn/.*)|(.*cigna-cmc.adsage.com/wapdd_1/success.html.*){}920	30
https://my.ochirly.com/webapp/wcs/stores/servlet/OrderShippingBillingConfirmationView*{}1160	30
.*jianfeng99.com/ad(1|2|3|5|8|9|10|11|12|13|14|15|16|17)/(ad1|ad).jsp[?]act=success.*{}12610	30
(.*www.huirenshenbao.com/zhengzhung.shtml.*)|(.*www.huirenshenbao.com/ketangdetail.*){}11124	30
.*game.wanlitong.com/[?]act=mygame&st=play&id=12&serverId=700&track_u=semnslm&type=1{}20719	30
.*game.wanlitong.com/[?]act=mygame&st=play&id=194&serverId=694&track_u=ymll&type=1{}20719	30
https://secure-pay.fxclub.org/fx[?]plugin=pay_gatetoshop_result&signal=success.*{}10638	30
http://www.fxclub.cn/lp/vybiraya-forex-club-vybiraesh-uspekh/thankyou/[?]meta.*{}10638	30
.*registrationams.tradenetworks.com/RegAdmin/Forms/twostepaccount/StepTwo/944.*{}12294	30
.*registrationams.tradenetworks.com/RegAdmin/Forms/OneStepLead/StepTwo/1595.*{}12294	30
.*registrationams.tradenetworks.com/RegAdmin/Forms/OneStepLead/StepTwo/1334.*{}12294	30
.*www.forexchinese.com/NewOLS_GCUK_CNS/screen1.aspx[?]p=RedirectToMyAccount.*{}1199	30
(.*wcp.sina.com/ucenter/account/0.*)|(.*weibo.gxq.com.cn/ucenter/account/0.*){}11193	30
https://members.global-blue.com/RefundTarget/RefundTarget[?]registered=true{}10647	30
.*game.wanlitong.com/[?]act=ad_output&id=10&serverId=680&track_u=semogzq.*{}20719	30
.*secure.efxnow.com/NEWOLS_GCUK_CNS/screen1.aspx[?]p=RedirectToMyAccount.*{}1199	30
https://my.ochirly.com/webapp/wcs/stores/servlet/AjaxOrderItemDisplayView*{}1160	30
https://my.ochirly.com/webapp/wcs/stores/servlet/OrderShippingBillingView*{}1160	30
https://creditcard.ecitic.com/citiccard/cardishop/jsp/newCardBaseInfo.jsp{}10297	30
http://cn.forexclub.biz/content/register-training-account/[?]thankyou&act{}10638	30
https://secure-pay.fxclub.org/fx[?]plugin=pay_fdl_result&signal=success.*{}10638	30
https://creditcard.ecitic.com/citiccard/cardishop/jsp/newCardShowInfo.jsp{}10297	30
.*apply.forex.com/NEWOLS_GCUK_CNS/screen1.aspx[?]p=RedirectToMyAccount.*{}1199	30
https://creditcard.ecitic.com/citiccard/cardishop/jsp/otherUserInfo.jsp{}10297	30
(.*creditcard.ecitic.com/citiccard/cardishop/xjb/newCardShowInfo.jsp.*){}10297	30
.*member.igoldhk.com/openDemoAccountmember.igoldhk.com/openDemoAccount{}18552	30
.*(sh|bj|gz|suz|hz|nj|wx|cz|xa|sz|nb).1smart.org/zt/[Ll]d[Pp]age4.aspx{}1182	30
.*www.fxclub.cn/lp/(cfd/ceny-na-neft|mt4_platform)/thankyou/[?]meta.*{}10638	30
http://www.top1.cn/Products/TopChauffeurDirve.aspx[?]act=ChooseTravel{}12132	30
https://creditcard.ecitic.com/citiccard/cardishop/jsp/newCardInfo.jsp{}10297	30
https://creditcard.ecitic.com/citiccard/cardishop/jsp/userInfoExt.jsp{}10297	30
(.*www.jince.com/a/download.html.*)|(.*www.jince.com/a/index.html.*){}12770	30
(.*www.top1.cn/CarService.aspx.*)|(.*www.top1.cn/CarService.aspx.*){}12132	30
http://www.4008836836.com/attachment/links/ycpzNew/liangdian.html.*{}10336	30
(.*creditcard.ecitic.com/citiccard/cardishop/xjb/newCardInfo.jsp.*){}10297	30
.*(sh|bj|gz|suz|hz|nj|wx|cz|xa|sz|nb).1smart.org/zt/[Ll]dPage3.aspx{}1182	30
http://www.top1.cn/Products/TopChauffeurDirve.aspx[?]act=ChooseLine{}12132	30
https://creditcard.ecitic.com/citiccard/cardishop/jsp/userInfo.jsp{}10297	30
.*www.pingan.com/pa18shoplife/product/fullfortune/supplement.jsp.*{}1062	30
.*reservations.millenniumhotels.com/ibe/confirm.aspx[?]hotelID=.*{}20054	30
http://requestinfo.onlinelaw.wustl.edu/china.html[?]s=adsagebaidu{}10641	30
.*apply.forex.com/NEWOLS_GCAU_CNS/screen1.aspx[?]p=RegisterCard.*{}1199	30
http://www.4008836836.com/attachment/links/ycpzNew/jiesao.html.*{}10336	30
http://www.4008836836.com/attachment/links/ycpzNew/goumai.html.*{}10336	30
.*www.hotforex.com/cn/account-types/new-live-account.html[?]demo{}17601	30
.*www.axitrader.com.au/forex-trading-broker-simplified-success.*{}11284	30
http://www.4008836836.com/attachment/links/ycpzNew/index.html.*{}10336	30
.*www.misumi-ec.com/cn/useradmin/US003NewAccountComfirmCmd.do.*{}20317	30
https://apply.forex.com/NEWOLS_FRXC_CNS/ConfirmationDetail.aspx{}1199	30
https://apply.forex.com/NEWOLS_FRXC_CNT/ConfirmationDetail.aspx{}1199	30
.*tw.member.igoldhk.com/OpenTrueAccount/SuccessForNot0Amount.*{}18552	30
.*cz.pingan.com.cn/ibd/.*#register/register/registerSuccPage.*{}21968	30
https://trader.iforex.com/WebPL/public/RegisterComplete.aspx.*{}11066	30
.*cn.misumi-ec.com/maker/misumi/mold/pr/cylinder/index.html.*{}20317	30
.*www.misumi-ec.com/cn/useradmin/US002NewAccountInputCmd.do.*{}20317	30
http://www.top1.cn/member/reg.aspx[?]NewSource=37qS8jGrDc0%3d{}12132	30
.*cz.pingan.com.cn/ibd/#register/register/registerSuccPage.*{}21968	30
https://crm.orionondemand.com/crm/forms/KEzE3Gcd67020x671w3J{}11227	30
https://crm.orionondemand.com/crm/forms/G0868JBcd670x6700tB4{}11227	30
http://www.forex.com/uk/cns/forex_demo_thanks_cms_small.html{}1199	30
.*payment.ttyfund.com/RTTY/bind/ready-bind-card-confirm.do.*{}1222	30
https://crm.orionondemand.com/crm/forms/C77024Bcd670x6700tB4{}11227	30
.*creditcard.ecitic.com/citiccard/cardishop/jsp/index.jsp.*{}10297	30
.*pingan.com/pa18shoplife/entrust/completed.*.jsp[?]flag=.*{}1022	30
http://cn.forexclub.biz/startfx2-beginner/[?]thankyou&start{}10638	30
.*tw.member.igoldhk.com/OpenTrueAccount/SuccessFor0Amount.*{}18552	30
.*www.1qianbao.com/users/new/mobile/accountInfoWithIdCard.*{}21967	30
http://www.meteni.com/zhuanti/sport/BeiJing/newbeijing.aspx{}10687	30
http://cn.forexclub.biz/MT4-opportunities/[?]thankyou&meta{}10638	30
http://www.avatrade.cn/home/thank-you-pages/thank-you-demo{}10331	30
http://www.fxclub.cn/lp/startsocial/fb/thankyou/[?]start.*{}10638	30
.*partners.uber.com/signup/guangzhou/black/confirmation/.*{}19541	30
.*mackeeperapp1.mackeeper.com/landings/17.194p/index.php.*{}11425	30
.*cn.misumi-ec.com/asia/form/CylinderCatalogRequest.html.*{}20317	30
.*www.forex.com/metatraderuk/cns/forex_demo_thanks.html.*{}1199	30
.*member.igoldhk.com/OpenTrueAccount/SuccessForNot0Amount{}18552	30
.*partners.uber.com/signup/shenzhen/black/confirmation/.*{}19541	30
.*partners.uber.com/signup/hangzhou/black/confirmation/.*{}19541	30
https://user.lufax.com/user/name-authentication-success.*{}10760	30
.*partners.uber.com/signup/hangzhou/uberx/confirmation/.*{}19541	30
.*partners.uber.com/signup/shanghai/black/confirmation/.*{}19541	30
http://www.avafx.com/zh/ThankYouDemo/[?]tradingplatform=2{}10331	30
.*creditcard.ecitic.com/citiccard/xjb/jsp/login_n2.jsp.*{}10297	30
.*member.igoldhk.com/OpenTrueAccount/SuccessFor0Amount.*{}18552	30
.*account.xs9999.com/register/cnyregistercomplete.aspx.*{}16129	30
.*tuan.womai.com/groupBuy/login.do[?]method=registered.*{}687	30
http://www.avafx.com/zh/ThankYouDemo/[?]autotrading=true{}10331	30
.*account.xs9999.com/register/usdregistercomplete.aspx.*{}16129	30
.*creditcard.ecitic.com/citiccard/xjb/jsp/login_y.jsp.*{}10297	30
http://requestinfo.onlinelaw.wustl.edu/thank-you.html.*{}10641	30
(.*yinrui99.com.*success.*|.*tiantong99.com.*success.*){}10657	30
.*creditcard.ecitic.com/citiccard/xjb/jsp/login_n.jsp.*{}10297	30
.*auth.ys7.com/signIn[?]from=509cb5ddedd147e486fa&r=.*{}20190	30
.*payment.ttyfund.com/RTTY/bind/bind-card-confirm.do.*{}1222	30
.*www.fxoptimax-china.com/account/demo-account-guide.*{}14511	30
http://www.forex.com/uk/cns/forex_demo_thanks_cms.html{}1199	30
.*pingan.com/pa18shoplife/children/supplement.jsp[?].*{}1062	30
http://cn.imgacademy.com/campadmissions-guide[?]sid.*{}15571	30
.*www.modnique.com/bzJApp/ViewThankYouAction.action.*{}11587	30
.*cn.misumi-ec.com/asia/CatalogRequestComplete.html.*{}20317	30
http://www.mba.com/china/store/gmatprep_CN_download.*{}23321	30
http://www.fxclub.cn/partner-registration/thankyou/.*{}10638	30
.*www.winyinpec.com/new/common/success/success.html.*{}16578	30
http://www.fxclub.cn/startfx-gold/thankyou/[?]start.*{}10638	30
http://www.avatrade.cn/thank-you-pages/thank-you-real{}10331	30
http://cn.dealmoon.com/deal-alert/[?]do=add&storeid.*{}17151	30
http://pingan.adsage.com/hyyc_mobile/completed.html.*{}1062	30
(.*www.pingan.com/ebusiness/auto/newness/index.do.*){}715	30
.*www.prepareforcanada.com/thank-you-china-webinar.*{}18753	30
.*cn.misumi-ec.com/maker/misumi/mold/ldp20141027/.*{}20317	30
http://www.austargroup.com/Estimate/testsuss.html.*{}14012	30
https://i.ys7.com/user/userAction!goRegister.action{}20190	30
http://www.top1.cn/Products/SelfDriveDay_First.aspx{}12132	30
(.*act=success.*)|(.*www.jianfenggold.com/reg.do.*){}12610	30
.*partners.uber.com/signup/guangzhou/p2p/success/.*{}19541	30
.*secure.fxclub.org/fx[?]plugin=welcome&lang=chi.*{}10638	30
.*secure.fxoptimax.com/register/ra/adsg1/bonus10.*{}14511	30
.*www.eqianzhuang.com/member/register/index.html.*{}11942	30
.*partners.uber.com/signup/hangzhou/p2p/success/.*{}19541	30
.*www.pingan.com/youhui/zcyl20141015/index.shtml.*{}715	30
.*partners.uber.com/signup/shanghai/p2p/success/.*{}19541	30
.*user.lufax.com/user/register-success[?]stepId=.*{}10760	30
https://secure.fxclub.org/fx[?]plugin=welcome_bo.*{}10638	30
http://www.youtradefx.com/cn/landingpages/register{}10927	30
.*partners.uber.com/signup/shenzhen/p2p/success/.*{}19541	30
.*tw.member.igoldhk.com/openDemoAccount/Success.*{}18552	30
.*forex.com/uk/cns/meta_demo_thanks_mobile.html.*{}1199	30
.*partners.uber.com/signup/beijing/p2p/success/.*{}19541	30
http://www.forex.com/uk/cns/meta_demo_thanks.html{}1199	30
.*direct.fujixerox.com.cn/landingpage/success/9.*{}1183	30
.*partners.uber.com/signup/chengdu/p2p/success/.*{}19541	30
.*www.emoney.cn/salesinfo/sales/dcwj/index.html.*{}1193	30
https://www.revolveclothing.com/AlipayWaiting.jsp{}10681	30
http://www.jt111.com/[?]page-page-baoming_ok.html{}10659	30
http://www.aigdirect.com.cn/registersuccess.aspx{}10609	30
http://www.top1.cn/member/reg.aspx[?]act=Success{}12132	30
.*www.169win.com/WebUi/LoadingPage/Finish.aspx.*{}18971	30
.*www.misumi-ec.com/cn/so/SO006SoConfirmCmd.do.*{}20317	30
.*www.gomarkets.com/cn/gomarkets-demo-download.*{}17698	30
.*www.misumi-ec.com/cn/qt/QT003QtConfirmCmd.do.*{}20317	30
.*cn.misumi-ec.com/asia/form/Datemark2014.html.*{}20317	30
.*partners.uber.com/signup/wuhan/p2p/success/.*{}19541	30
http://www.tianpin.com/user/chek_email_active.*{}10434	30
.*www.hfaffiliates.com/partners/thankyou.html.*{}17601	30
https://www.revolveclothing.com/ShoppingBag.jsp{}10681	30
.*www.forex.com/uk/cns/forex_demo_thanks.html.*{}1199	30
http://www.austargroup.com/Estimate/addemail.*{}14012	30
.*www.glamour-sales.com.cn/customer/account/.*{}1192	30
.*member.igoldhk.com/openDemoAccount/Success.*{}18552	30
.*www.pacificimmi.cn/list1_class_id_2_1.html.*{}1215	30
http://pingan.adsage.com/hyyc/completed.html.*{}1062	30
.*hgj99.(net|com)/verificationEmial.do[?]key.*{}18771	30
.*www.(camelcn|usa-camel).com/[bB]asket.aspx.*{}1174	30
.*tw.member.igoldhk.com/SuccessForOnlinePay.*{}18552	30
.*account.xs9999.com/Simulate/Complete.aspx.*{}16129	30
.*www.(camelcn|usa-camel).com/addorder.aspx.*{}1174	30
.*www.ys7.com/mobile/passport-register.html.*{}20190	30
http://cn.forexclub.biz/landing/thank-you/466{}10638	30
.*cn.misumi-ec.com/asia/CatalogRequest.html.*{}20317	30
.*cn.misumi-ec.com/contents/regist/addwos/.*{}20317	30
.*axitrader.com/cn/thank-you-contact-baidu.*{}11284	30
.*www.cmbeb5visa.com/default_mandarin.html.*{}13922	30
.*www.cmbeb5visa.com/default_mandarin.html.*{}13931	30
.*forex.com/au/cns/forex_demo_thanks.html.*{}1199	30
.*www.pacificimmi.cn/info_detail_914.html.*{}1215	30
http://www.7lk.cn/login/registersuccess.jsp{}11200	30
.*www.forex.com/chinese/forex_demo_thanks.*{}1199	30
.*sd.gogo.com/RegUser/shoujiyaoqing.aspx.*{}1210	30
.*forex.com/au/cns/meta_demo_thanks.html.*{}1199	30
http://www.lulutrip.com/[?]from=register.*{}16925	30
http://www.avatrade.cn/thank-you-demo.aspx{}10331	30
.*member.igoldhk.com/SuccessForOnlinePay.*{}18552	30
.*forex.com/uk/cns/football-confirm.html.*{}1199	30
http://www.avatrade.cn/home/thank-you-real{}10331	30
http://xm.875.cn/project/gusebook/success{}11448	30
.*vegas.com/mytrip/app/?wicket:interface*{}10625	30
.*hwj.webi.com.cn/Weibo/Index/register5.*{}708	30
.*cn.misumi-ec.com/contents/regist/new/.*{}20317	30
.*payment.ttyfund.com/utty/login.action.*{}1222	30
.*cn.misumi-ec.com/asia/form_reply.html.*{}20317	30
.*hwj.webi.com.cn/Weibo/Index/register4.*{}708	30
.*hwj.webi.com.cn/Weibo/Index/register3.*{}708	30
.*hwj.webi.com.cn/Weibo/Index/register2.*{}708	30
.*www.pacificimmi.cn/jianadatouziyimin/.*{}1215	30
.*case.bigecko.com/pingan2014_minisite.*{}1062	30
.*www.pacificimmi.cn/list_assesst.html.*{}1215	30
.*www.womai.com/Member/RegisterSucc.do.*{}687	30
.*member.igoldhk.com/SuccessForOnlinePay{}18552	30
.*www.jinjianginns.com/jjinn/resv.html.*{}18361	30
http://kdweibo.com/space/c/user/signup.*{}10336	30
(.*www.imandarin.net/learnchinese.htm.*){}1066	30
.*stock.pingan.com/fuwuzhichi/yycg.jsp.*{}715	30
.*passport.520.cn/Home/RegisterSuccess.*{}1173	30
.*deposit.xs9999.com:88/PayComplete.aspx{}16129	30
.*shop.ehuatai.com/auto-insurance.html.*{}930	30
.*www.ibkr.com.cn/cn/index.php[?]f=3308{}10614	30
.*www.ibkr.com.cn/cn/index.php[?]f=2413{}10614	30
.*www.ibkr.com.cn/cn/index.php[?]f=3157{}10614	30
.*www.ibkr.com.cn/cn/index.php[?]f=2416{}10614	30
.*.mklm.(com|cn)/flow.php[?]step=done.*{}1129	30
.*www.lieguo.com/download/index.shtml.*{}1167	30
.*www.ibkr.com.cn/cn/index.php[?]f=3646{}10614	30
.*www.ibkr.com.cn/cn/index.php[?]f=3647{}10614	30
.*sh.womai.com/Member/RegisterSucc.do.*{}687	30
.*www.ibkr.com.cn/cn/index.php[?]f=2684{}10614	30
.*www.koolearn.com/shopping[?]orderId.*{}232	30
.*www.pacificimmi.cn/list_assess.html.*{}1215	30
.*www.ibkr.com.cn/cn/index.php[?]f=3322{}10614	30
http://www.avafx.com/zh/ThankYouDemo/${}10331	30
.*www.pacificimmi.cn/danye_js_6.html.*{}1215	30
.*bm.huatu.com/plus/carbuyaction.php.*{}17467	30
.*baidu.yehehe.com/leaveword/success.*{}11448	30
.*www.pacificimmi.cn/danye_js_5.html.*{}1215	30
.*sd.gogo.com/RegUser/EmailzcCg.aspx.*{}1210	30
.*www.pacificimmi.cn/danye_js_3.html.*{}1215	30
.*www.pacificimmi.cn/danye_js_2.html.*{}1215	30
.*sg.xd.com/baidu/sg_web/conversion/.*{}1177	30
.*ms.lufax.com/mobile/common/success.*{}10760	30
.*www.pacificimmi.cn/danye_js_4.html.*{}1215	30
http://www.xforex.com/zh/register/live{}10445	30
http://www.huirenshenbao.com/yys.shtml{}11124	30
http://www.avatrade.cn/thank-you-real{}10331	30
http://www.7lk.cn/member/register.jsp{}11200	30
.*www.xueersi.com/users/reg_success.*{}960	30
.*wap.pahaoche.com.cn/bookingSucc.w.*{}715	30
.*sd.gogo.com/RegUser/PwsuNew.aspx.*{}1210	30
http://wap.handbb.com/phoneModel.jsp{}11427	30
.*diandian.com/guide/v8/chooseBlog.*{}1212	30
http://product.auto.163.com/series.*{}10654	30
.*gjsjxy.com/lms_staging.php/apply.*{}11249	30
.*diandian.com/guide/v7/chooseBlog.*{}1212	30
.*cn.misumi-ec.com/contents/regist.{}20317	30
(.*www.loan.com.*)|(.*www.uv.com.*){}1219	30
.*csonline.zbird.com/LR/chat.aspx.*{}1187	30
.*www.pacificimmi.cn/Service.html.*{}1215	30
.*dev.papillon.com/nexus/thankyou.*{}17614	30
http://www.7lk.cn/Cart/OrderForm.do{}11200	30
https://www.scribendi.com/checkout{}11274	30
.*bidding.kugou.com/sogoujj.html.*{}24766	30
.*www.ys7.com/cart-checkout.html.*{}20190	30
http://www.7lk.cn/Cart/ShowCart.do{}11200	30
.*wap.pahaoche.com/bookingSucc.w.*{}715	30
.*springtour.com/cust/MailActive.*{}11398	30
.*passport.520.cn/Home/OrderInfo.*{}1173	30
http://wcp.sina.com/eshop/spindex{}11193	30
https://www.scribendi.com/receipt{}11274	30
.*www.ys7.com/mobile/order.html.*{}20190	30
.*wap.pahaoche.cn/bookingSucc.w.*{}715	30
.*sd.gogo.com/RegUser/pwsu.aspx.*{}1210	30
https://www.scribendi.com/confirm{}11274	30
.*www.pahaoche.com.cn/success.w.*{}715	30
.*http://www.szah-px.com/bm.asp.*{}11677	30
.*zh.papillon.com/nexus/payment.*{}17614	30
.*www.ys7.com/mobile/cart.html.*{}20190	30
.*wap.pahaoche.*/bookingSucc.w.*{}24177	30
http://www.zbird.com/cart/[?].*{}1187	30
.*www.pahaoche.*/yuyuezt.w[?].*{}715	30
.*passport.520.cn/Home/Basket.*{}1173	30
https://www.scribendi.com/order{}11274	30
.*www.pahaoche.com/success.w.*{}715	30
.*.mklm.(com|cn)/respond.php.*{}1129	30
http://www.huirenshenbao.com.*{}11124	30
http://hd.jt111.com/20121028.*{}10659	30
.*hgj99.(net|com)/msgtip.do.*{}18771	30
.*www.pahaoche.cn/success.w.*{}715	30
.*www.pahaoche.*/yuyueZt.w.*{}24177	30
.*www.pahaoche.*/success.w.*{}24177	30
.*7wgo.com/pay/[&]order_sn.*{}15222	30
.*www.taohv.com.cn/user.php{}1178	30
.*vegas.com/mytrip/app/Cart{}10625	30
.*id.ourgame.com/baidupoker{}17108	30
.*meteni.com/loginOk.aspx.*{}1121	30
.*www.ys7.com/member.html.*{}20190	30
.*login.koolearn.com/sso.*{}232	30
.*www.hanguangbaihuo.com.*{}11397	30
.*www.ys7.com/cart.html.*{}12837	30
.*reg.fyme.cn/reg2.aspx.*{}11168	30
.*reg.fyme.cn/reg3.aspx.*{}11168	30
.*reg.fyme.cn/reg4.aspx.*{}11168	30
.*www.huirenshenbao.com.*{}11124	30
.*.wine9.com/fdone.html.*{}1145	30
.*www.ys7.com/cart.html.*{}20190	30
.*www.koolearn.com/[?].*{}232	30
.*bm.huatu.com/member.*{}17467	30
.*www.pacificimmi.cn/${}1215	30
.*www.7wgo.com/goods.*{}15222	30
.*www.sascsizkd.com.*{}12224	30
.*.wine9.com/f.html.*{}1145	30
http://www.sjkjsj.com{}1187	30
.*.wine9.com/u.html.*{}1145	30
.*leaveword/success.*{}11448	30
livechat.webi.com.cn{}708	30
.*www.kongjia.com.*{}17149	30
.*www.dingdan.com.*{}12837	30
.*nexus/thankyou.*{}17614	30
.*soft.adsage.cn.*{}22390	30
.*www.my-le.com.*{}11397	30
.*www.edai.com.*{}11214	30
.*daoxila.com.*{}12475	30
.*www.qsq.com.*{}10979	30
.*huatu.com.*{}17467	30
.*cninu700.*{}1199	30
.*cninu339.*{}1199	30
.*success.*{}16578	30
